Name,Email,Labels,Source,State,Gender,Position,Institution
Marcelo Jorge Werner,marcelo.werner.sc@gmail.com,Graduacao;Grupo SBBE Group member,Contact Import,SC,Masculino,Graduação,Centro Universitário Leonardo da Vinci
Leandro de Oliveira Costa,leandrocosta@ceso.edu.br,Profissional;Grupo SBBE Group member,Site Members,RJ,Masculino,Profissional,Centro Universitário Serra dos Órgãos
Vinicius Delgado da Rocha,viniciusdelrocha@gmail.com,Pos-Graduacao;Grupo SBBE Group member,Contact Import,PR,Masculino,Pós-Graduação,Empresa Brasileira de Pesquisa Agropecuária
Constância Flavia Junqueira Ayres,constancia.ayres@fiocruz.br,Profissional;Grupo SBBE Group member,Contact Import,PE,Feminino,Profissional,Instituto Aggeu Magalhães — Fiocruz Pernambuco
Bruno Janke do Nascimento,bruno.nascimento@fiocruz.br,Pos-Graduacao;Grupo SBBE Group member,Site Members,PR,Masculino,Pós-Graduação,Instituto Carlos Chagas — Fiocruz Paraná
Carla Adriane Royer,carladriane@gmail.com,Pos-Graduacao;Grupo SBBE Group member,Contact Import,PR,Feminino,Pós-Graduação,Instituto Carlos Chagas — Fiocruz Paraná
Lucas Vieira Lima,lucaslima1618@gmail.com,Pos-Graduacao;Grupo SBBE Group member,Site Members,MG,Masculino,Pós-Graduação,Instituto Federal — do Sul de Minas
Daniel Meneguello Limeira,daniel.limeira@ifpr.edu.br,Profissional;Grupo SBBE Group member,Contact Import,PR,Masculino,Profissional,Instituto Federal — Paraná
Anna Theresa De Souza Liberal,theresaliberal@gmail.com,Graduacao;Grupo SBBE Group member,Contact Import,PE,Feminino,Graduação,Instituto Federal — Pernambuco
Thais Helena Condez,thacondez@gmail.com,Profissional;Grupo SBBE Group member,Contact Import,SP,Feminino,Profissional,Instituto Nacional da Mata Atlântica
Thainá da Silva Francisco,sfthaina3@gmail.com,Pos-Graduacao;Grupo SBBE Group member,Site Members,AM,Feminino,Pós-Graduação,Instituto Nacional de Pesquisas da Amazônia
Marcelo Pires dos Santos Junior,marcelopiresjunior@gmail.com,Pos-Graduacao;Grupo SBBE Group member,Contact Import,RJ,Masculino,Pós-Graduação,Instituto Oswaldo Cruz
Camila Mazzoni,mazzoni@izw-berlin.de,Profissional;Grupo SBBE Group member,Site Members,Exterior,Feminino,Profissional,Leibniz Institute for Zoo and Wildlife Research
Alexandre Arrata Pohl de Souza,alexandresouzah99@gmail.com,Graduacao;Grupo SBBE Group member,Contact Import,PR,Masculino,Graduação,Museu de História Natural Capão da Imbuia
Igor Cavalcanti de Araújo Souto-Santos,icass.ufrj@gmail.com,Pos-Graduacao;Grupo SBBE Group member,Site Members,RJ,Masculino,Pós-Graduação,Museu Nacional
Pedro Azeredo Couto Tolipan de Oliveira,ptolipan@gmail.com,Profissional;Grupo SBBE Group member,Site Members,RJ,Masculino,Profissional,Museu Nacional
Fabricio de Carvalho,fabricio.carvalho.phd@gmail.com,Profissional;Grupo SBBE Group member,Site Members,SP,Masculino,Profissional,Novartis
Yuri Yépez,yuribym@gmail.com,Pos-Graduacao;Grupo SBBE Group member,Site Members,Exterior,Masculino,Pós-Graduação,Okinawa Institute of Science and Technology
Jean Carlo Pedroso de Oliveira,pedrosojco@gmail.com,Pos-Graduacao;Grupo SBBE Group member,Contact Import,MG,Masculino,Pós-Graduação,Pontifícia Universidade Católica de Minas Gerais
Alejandra Bonilla Sanchez,alejabonilla.sanchez@gmail.com,Pos-Graduacao;Grupo SBBE Group member,Contact Import,RS,Feminino,Pós-Graduação,Pontifícia Universidade Católica do Rio Grande do Sul
Bruna Boizonave Andriola,bruna.andriola@edu.pucrs.br,Pos-Graduacao;Grupo SBBE Group member,Contact Import,RS,Feminino,Pós-Graduação,Pontifícia Universidade Católica do Rio Grande do Sul
Sandro Bonatto,slbonatto@pucrs.br,Custom Signup Form;Profissional,Site Members,RS,Masculino,Profissional,Pontifícia Universidade Católica do Rio Grande do Sul
Mayara Pereira Neves,mayara-nevesbio@hotmail.com,Pos-Graduacao;Grupo SBBE Group member,Contact Import,Exterior,Feminino,Pós-Graduação,Rice University
Paulo Henrique Mueller,profmueller@gmail.com,Pos-Graduacao;Grupo SBBE Group member,Contact Import,PR,Masculino,Pós-Graduação,Secretaria de Educação do Estado do Paraná
Francisco de Menezes Cavalcante Sassi,francisco.sassi@hotmail.com,Profissional;Grupo SBBE Group member,Site Members,SP,Masculino,Profissional,Southwest University
Mario Jardim Cupello,mcupello@hotmail.com,Profissional;Grupo SBBE Group member,Contact Import,Exterior,Masculino,Profissional,Texas A&M University
Daniel S. Caetano,caetanods1@gmail.com,Profissional;Grupo SBBE Group member,Site Members,Exterior,Masculino,Profissional,Towson University
Ignacio Soto,zorroyerizo@gmail.com,Profissional;Grupo SBBE Group member,Contact Import,Exterior,Masculino,Profissional,Universidad de Buenos Aires
Angenella Ximena Garrido Soto,garridoximena2002@gmail.com,Graduacao;Grupo SBBE Group member,Contact Import,Exterior,Feminino,Graduação,Universidad Nacional de Trujillo
Fernando Pacheco Rodrigues,fprodrigues@unb.br,Profissional;Grupo SBBE Group member,Contact Import,DF,Masculino,Profissional,Universidade de Brasília
Gabriel Santos Gomes Sarmento,belsgss@gmail.com,Graduacao;Grupo SBBE Group member,Site Members,DF,Masculino,Graduação,Universidade de Brasília
Giovana Lima da Rocha,giovanalima2001@gmail.com,Graduacao;Grupo SBBE Group member,Contact Import,DF,Feminino,Graduação,Universidade de Brasília
Lilian Gimenes Giugliano,liliangiu@unb.br,Profissional;Grupo SBBE Group member,Contact Import,DF,Feminino,Profissional,Universidade de Brasília
Nilda Maria Diniz,niddiniz@unb.br,Profissional;Grupo SBBE Group member,Contact Import,DF,Feminino,Profissional,Universidade de Brasília
Pedro Augusto Cardoso Amaral,pedro20amaral@gmail.com,Graduacao;Grupo SBBE Group member,Contact Import,DF,Masculino,Graduação,Universidade de Brasília
Rosana Tidon,rotidon@gmail.com,Profissional;Grupo SBBE Group member,Contact Import,DF,Feminino,Profissional,Universidade de Brasília
Thiago Jose de Carvalho Andre,thiago.andre@unb.br,Profissional;Grupo SBBE Group member,Contact Import,DF,Masculino,Profissional,Universidade de Brasília
Fabiano Menegidio,fmenegidio@gmail.com,Profissional;Grupo SBBE Group member,Contact Import,SP,Masculino,Profissional,Universidade de Mogi das Cruzes
Rodrigo Cesar Goncalves de Oliveira,rodrigo.goliveira@upe.br,Profissional;Grupo SBBE Group member,Contact Import,PE,Masculino,Profissional,Universidade de Pernambuco
Alexandre Reis Percequillo,percequillo@usp.br,Profissional;Grupo SBBE Group member,Contact Import,SP,Masculino,Profissional,Universidade de São Paulo
Amanda Kimie Tsuruta,amandatsuruta@gmail.com,Graduacao;Grupo SBBE Group member,Contact Import,SP,Masculino,Graduação,Universidade de São Paulo
Ana Paula Assis,paulaassis@ib.usp.br,Profissional;Grupo SBBE Group member,Contact Import,SP,Feminino,Profissional,Universidade de São Paulo
Anieli Guirro Pereira,anieligpereira@gmail.com,Profissional;Grupo SBBE Group member,Site Members,SP,Feminino,Profissional,Universidade de São Paulo
Arthur Garcia Ramires,arthurgarcia.ramires@gmail.com,Graduacao;Grupo SBBE Group member,Site Members,SP,Masculino,Graduação,Universidade de São Paulo
Bárbara Santos Teixeira Costa,barbarasantostcosta@gmail.com,Pos-Graduacao;Grupo SBBE Group member,Site Members,SP,Feminino,Pós-Graduação,Universidade de São Paulo
Breno Michelon Seixas,breno.mseixas@usp.br,Graduacao;Grupo SBBE Group member,Contact Import,SP,Masculino,Graduação,Universidade de São Paulo
Carlos Augusto Trusz,carlos.trusz@gmail.com,Pos-Graduacao;Grupo SBBE Group member,Site Members,SP,Masculino,Pós-Graduação,Universidade de São Paulo
Cristina Yumi Miyaki,cymiyaki@ib.usp.br,Profissional;Grupo SBBE Group member,Contact Import,SP,Feminino,Profissional,Universidade de São Paulo
Dalton de Souza Amorim,dsamorim@usp.br,Profissional;Grupo SBBE Group member,Contact Import,SP,Masculino,Profissional,Universidade de São Paulo
Danillo Cristian Feitosa-Santos,danilocrisfs@gmail.com,Pos-Graduacao;Grupo SBBE Group member,Contact Import,MG,Masculino,Pós-Graduação,Universidade de São Paulo
Davi Monteiro Nunes,davimontnunes@gmail.com,Graduacao;Grupo SBBE Group member,Contact Import,SP,Masculino,Graduação,Universidade de São Paulo
Denis Calandriello Calio,denis.calan@gmail.com,Pos-Graduacao;Grupo SBBE Group member,Site Members,SP,Masculino,Pós-Graduação,Universidade de São Paulo
Diego Mussolini Matielo,diegomussolinimatielo@gmail.com,Graduacao;Grupo SBBE Group member,Contact Import,SP,Masculino,Graduação,Universidade de São Paulo
Diogo Melo,diogro@gmail.com,Profissional;Grupo SBBE Group member,Contact Import,SP,Masculino,Profissional,Universidade de São Paulo
Eduarda Kjekshus Mansur Haddad,eduardakmh@usp.br,Graduacao;Grupo SBBE Group member,Contact Import,SP,Feminino,Graduação,Universidade de São Paulo
Eduardo Antonio Monge Castro,eduardo.mongee@gmail.com,Pos-Graduacao;Grupo SBBE Group member,Site Members,SP,Masculino,Pós-Graduação,Universidade de São Paulo
Eliana Maria Beluzzo Dessen,embdesse@ib.usp.br,Profissional;Grupo SBBE Group member,Contact Import,SP,Feminino,Profissional,Universidade de São Paulo
Enzo Frediani,enzofrediani@usp.br,Graduacao;Grupo SBBE Group member,Site Members,SP,Masculino,Graduação,Universidade de São Paulo
Federico David Brown Almeida,fdbrown@usp.br,Profissional;Grupo SBBE Group member,Contact Import,SP,Masculino,Profissional,Universidade de São Paulo
Gabriela Procopio Camacho,gpcamacho@usp.br,Profissional;Grupo SBBE Group member,Contact Import,SP,Feminino,Profissional,Universidade de São Paulo
Gladys Flávia de Albuquerque Melo de Pinna,gfmpinna@usp.br,Profissional;Grupo SBBE Group member,Site Members,SP,Feminino,Profissional,Universidade de São Paulo
Joao Marcos Pereira,joao2.pereira@usp.br,Pos-Graduacao;Grupo SBBE Group member,Contact Import,SP,Masculino,Pós-Graduação,Universidade de São Paulo
Katarine Nogueira Norbertino,katarinenn@outlook.com,Pos-Graduacao;Grupo SBBE Group member,Contact Import,BA,Feminino,Pós-Graduação,Universidade de São Paulo
Lucas Camacho,lucas.camacho@usp.br,Pos-Graduacao;Grupo SBBE Group member,Site Members,SP,Masculino,Pós-Graduação,Universidade de São Paulo
Lucas Marafina Vieira Porto,lucasmvporto@gmail.com,Pos-Graduacao;Grupo SBBE Group member,Contact Import,SP,Masculino,Pós-Graduação,Universidade de São Paulo
Lucas Politchuk Medeiros dos Santos,lucaspolitchuk@usp.br,Graduacao;Grupo SBBE Group member,Site Members,SP,Masculino,Graduação,Universidade de São Paulo
Luisa Ferreira Gomes,luisaferreiragomes17@gmail.com,Graduacao;Grupo SBBE Group member,Contact Import,SP,Feminino,Graduação,Universidade de São Paulo
Marcelo Duarte,mduartes@usp.br,Profissional;Grupo SBBE Group member,Contact Import,SP,Masculino,Profissional,Universidade de São Paulo
Marco A. C. Varella,macvarella@gmail.com,Pos-Graduacao;Grupo SBBE Group member,Contact Import,SP,Masculino,Pós-Graduação,Universidade de São Paulo
Maria Clara Irume,irumemcf@gmail.com,Graduacao;Grupo SBBE Group member,Contact Import,SP,Feminino,Graduação,Universidade de São Paulo
Mariana Mira Vasconcellos,marimiravasc@gmail.com,Pos-Graduacao;Grupo SBBE Group member,Contact Import,SP,Feminino,Pós-Graduação,Universidade de São Paulo
Mario de Pinna,pinna@ib.usp.br,Profissional;Grupo SBBE Group member,Site Members,SP,Masculino,Profissional,Universidade de São Paulo
Matheus Ganiko Dutra,ganiko.dutra@usp.br,Pos-Graduacao;Grupo SBBE Group member,Contact Import,SP,Masculino,Pós-Graduação,Universidade de São Paulo
Meari Caldeira,nathalia.caldeira.dias@usp.br,Pos-Graduacao;Grupo SBBE Group member,Contact Import,SP,Outro,Pós-Graduação,Universidade de São Paulo
Monique Nouailhetas Simon,monique.nouailhetas@gmail.com,Profissional;Grupo SBBE Group member,Site Members,SP,Feminino,Profissional,Universidade de São Paulo
Nelio Bizzo,bizzo@usp.br,Profissional;Grupo SBBE Group member,Contact Import,SP,Masculino,Profissional,Universidade de São Paulo
Pedro L. Godoy,pedrolorenagodoy@gmail.com,Profissional;Grupo SBBE Group member,Contact Import,SP,Masculino,Profissional,Universidade de São Paulo
Pedro Nicesio do Amaral,pedronamaral@usp.br,Graduacao;Grupo SBBE Group member,Contact Import,SP,Masculino,Graduação,Universidade de São Paulo
Rafael F. Barduzzi,rfbarduzzi@gmail.com,Pos-Graduacao;Grupo SBBE Group member,Contact Import,SP,Masculino,Pós-Graduação,Universidade de São Paulo
Rafaela Velloso Missagia,rafaelamissagia@gmail.com,Profissional;Grupo SBBE Group member,Contact Import,SP,Feminino,Profissional,Universidade de São Paulo
Samara Santos,samara.santos09470@gmail.com,Pos-Graduacao;Grupo SBBE Group member,Site Members,SP,Feminino,Pós-Graduação,Universidade de São Paulo
Sandra Reinales,spreinalesl@gmail.com,Pos-Graduacao;Grupo SBBE Group member,Contact Import,SP,Feminino,Pós-Graduação,Universidade de São Paulo
Sergio Russo Matioli,srmatiol@ib.usp.br,Custom Signup Form;Profissional,Site Members,SP,Masculino,Profissional,Universidade de São Paulo
Tiago Bosisio Quental,tbquental@usp.br,Profissional;Grupo SBBE Group member,Contact Import,SP,Masculino,Profissional,Universidade de São Paulo
Tiana Kohlsdorf,tiana@usp.br,Profissional;Grupo SBBE Group member,Contact Import,SP,Feminino,Profissional,Universidade de São Paulo
Weverton dos Santos Azevedo,weverton.azevedo@hotmail.com,Pos-Graduacao;Grupo SBBE Group member,Contact Import,SP,Masculino,Pós-Graduação,Universidade de São Paulo
Alessandro Marques De Oliveira,biolessandro@gmail.com,Profissional;Grupo SBBE Group member,Contact Import,MG,Masculino,Profissional,Universidade do Estado de Minas Gerais
Anderson Vilasboa,andersonvilasboa@gmail.com,Profissional;Grupo SBBE Group member,Contact Import,RJ,Masculino,Profissional,Universidade do Estado do Rio de Janeiro
Aline Vieira,vieiraaline97@gmail.com,Pos-Graduacao;Grupo SBBE Group member,Site Members,SP,Feminino,Pós-Graduação,Universidade Estadual de Campinas
Beatriz Lucas Arida,beatriz.arida@gmail.com,Pos-Graduacao;Grupo SBBE Group member,Site Members,SP,Feminino,Graduação,Universidade Estadual de Campinas
Clarisse Palma da Silva,clarissepalma@yahoo.com.br,Profissional;Grupo SBBE Group member,Contact Import,SP,Feminino,Profissional,Universidade Estadual de Campinas
Fabio Pinheiro,biopin@unicamp.br,Profissional;Grupo SBBE Group member,Site Members,SP,Masculino,Profissional,Universidade Estadual de Campinas
Fernando Sotero de Lara,fer.soterolara@gmail.com,Graduacao;Grupo SBBE Group member,Contact Import,SP,Masculino,Graduação,Universidade Estadual de Campinas
Gabriel Gonçalves da Silva,g249321@dac.unicamp.br,Graduacao;Grupo SBBE Group member,Site Members,SP,Masculino,Graduação,Universidade Estadual de Campinas
Giovanna Selleghin Veiga,giovanna.slvg@gmail.com,Pos-Graduacao;Grupo SBBE Group member,Site Members,SP,Feminino,Pós-Graduação,Universidade Estadual de Campinas
Gustavo Maruyama Mori,gustavo.mori@unesp.br,Profissional;Grupo SBBE Group member,Contact Import,SP,Masculino,Profissional,Universidade Estadual de Campinas
Isa Eloá,isaeloa011203@gmail.com,Graduacao;Grupo SBBE Group member,Site Members,SP,Feminino,Graduação,Universidade Estadual de Campinas
Joana de Moura Gama,joanamgama@gmail.com,Pos-Graduacao;Grupo SBBE Group member,Contact Import,SP,Feminino,Pós-Graduação,Universidade Estadual de Campinas
Joao Claudio de Sousa Nascimento,j.claudionasci@gmail.com,Pos-Graduacao;Grupo SBBE Group member,Contact Import,SP,Masculino,Pós-Graduação,Universidade Estadual de Campinas
Julia Nader Acquaviva,julianader95@gmail.com,Pos-Graduacao;Grupo SBBE Group member,Contact Import,SP,Feminino,Pós-Graduação,Universidade Estadual de Campinas
Laís Pedroso Bertaia,lalapedroso56@gmail.com,Graduacao;Grupo SBBE Group member,Site Members,SP,Feminino,Graduação,Universidade Estadual de Campinas
Leonardo Duarte Santos,santosldbio@gmail.com,Pos-Graduacao;Grupo SBBE Group member,Contact Import,SP,Masculino,Pós-Graduação,Universidade Estadual de Campinas
Lina Maria Ameida Silva,linamas@gmail.com,Pos-Graduacao;Grupo SBBE Group member,Contact Import,SP,Feminino,Pós-Graduação,Universidade Estadual de Campinas
Lucas Albuquerque dos Santos,lucasabqsto@gmail.com,Pos-Graduacao;Grupo SBBE Group member,Contact Import,SP,Masculino,Pós-Graduação,Universidade Estadual de Campinas
Lucas Oliveira Mello,lucasmellounicamp@gmail.com,Pos-Graduacao;Grupo SBBE Group member,Contact Import,SP,Masculino,Pós-Graduação,Universidade Estadual de Campinas
Maria Ursini Alves de Lima,mariaursinialves@gmail.com,Pos-Graduacao;Grupo SBBE Group member,Contact Import,SP,Feminino,Pós-Graduação,Universidade Estadual de Campinas
Mariana Freitas Nery,mariananery@gmail.com,Profissional;Grupo SBBE Group member,Contact Import,SP,Feminino,Profissional,Universidade Estadual de Campinas
Millke Jasmine Arminini Morales,millke.jasmine@gmail.com,Profissional;Grupo SBBE Group member,Contact Import,SP,Feminino,Profissional,Universidade Estadual de Campinas
Nathan Graia Ferreira,n249472@dac.unicamp.br,Graduacao;Grupo SBBE Group member,Contact Import,SP,Masculino,Graduação,Universidade Estadual de Campinas
Nicole Riatto Victor,nriattovictor@gmail.com,Pos-Graduacao;Grupo SBBE Group member,Site Members,SP,Feminino,Pós-Graduação,Universidade Estadual de Campinas
Nicolle Souza Leto,letonicolle@gmail.com,Pos-Graduacao;Grupo SBBE Group member,Contact Import,SP,Feminino,Pós-Graduação,Universidade Estadual de Campinas
Paulo Aecyo Francisco da Silva,pauloaecyo_1997@hotmail.com,Pos-Graduacao;Grupo SBBE Group member,Contact Import,SP,Masculino,Pós-Graduação,Universidade Estadual de Campinas
Pedro Paulo Goulart Taucci,pedrotaucce@gmail.com,Profissional;Grupo SBBE Group member,Contact Import,SP,Masculino,Profissional,Universidade Estadual de Campinas
Phietra de Paula Oliveira,phietradepaula@gmail.com,Graduacao;Grupo SBBE Group member,Site Members,SP,Feminino,Graduação,Universidade Estadual de Campinas
Ubirata Ferreira Souza,ubirataferreirasouza@gmail.com,Pos-Graduacao;Grupo SBBE Group member,Contact Import,SP,Masculino,Pós-Graduação,Universidade Estadual de Campinas
Vera Nisaka Solferini,veras@unicamp.br,Profissional;Grupo SBBE Group member,Contact Import,SP,Feminino,Profissional,Universidade Estadual de Campinas
Laura Valotta Camargo,avalottalaura@gmail.com,Graduacao;Grupo SBBE Group member,Contact Import,PR,Feminino,Graduação,Universidade Estadual de Maringá
Wanderley Dantas dos Santos,wdsantos@uem.br,Profissional;Grupo SBBE Group member,Contact Import,PR,Masculino,Profissional,Universidade Estadual de Maringá
Ivan Burko,burkomivan@gmail.com,Graduacao;Grupo SBBE Group member,Site Members,PR,Masculino,Graduação,Universidade Estadual de Ponta Grossa
Roberto Ferreira Artoni,rfartoni@gmail.com,Profissional;Grupo SBBE Group member,Contact Import,PR,Masculino,Profissional,Universidade Estadual de Ponta Grossa
Vinicius Gross,familiagross0@hotmail.com,Graduacao;Grupo SBBE Group member,Contact Import,PR,Masculino,Graduação,Universidade Estadual de Ponta Grossa
Jamile Bubadué,jamilebubadue@gmail.com,Profissional;Grupo SBBE Group member,Site Members,RJ,Feminino,Profissional,Universidade Estadual do Norte Fluminense Darcy Ribeiro
Caroline Garcia,caroline.garcia@uesb.edu.br,Profissional;Grupo SBBE Group member,Site Members,BA,Feminino,Profissional,Universidade Estadual do Sudoeste da Bahia
Laysla Bomfim Adam,laysla.adam@gmail.com,Graduacao;Grupo SBBE Group member,Contact Import,BA,Feminino,Graduação,Universidade Estadual do Sudoeste da Bahia
Luciana Aguilar Aleixo,lucianaaleixo@uesb.edu.br,Profissional;Grupo SBBE Group member,Contact Import,BA,Feminino,Profissional,Universidade Estadual do Sudoeste da Bahia
Amanda Bueno da Silva,amanda.bueno-silva@unesp.br,Pos-Graduacao;Grupo SBBE Group member,Contact Import,SP,Feminino,Pós-Graduação,Universidade Estadual Paulista
Ana Paula Moraes,ap.moraes@unesp.br,Profissional;Grupo SBBE Group member,Contact Import,SP,Feminino,Profissional,Universidade Estadual Paulista
Ariadne Fares Sabbag,ariadne.fares.sabbag@gmail.com,Pos-Graduacao;Grupo SBBE Group member,Site Members,SP,Feminino,Pós-Graduação,Universidade Estadual Paulista
Bruno Lopes da Silva Ferrette,brunoferrette@gmail.com,Profissional;Grupo SBBE Group member,Site Members,SP,Masculino,Profissional,Universidade Estadual Paulista
Danillo Pinhal,danillo.pinhal@unesp.br,Profissional;Grupo SBBE Group member,Site Members,SP,Masculino,Profissional,Universidade Estadual Paulista
Edenilson Osinski Franscisco,of.edenilson@gmail.com,Graduacao;Grupo SBBE Group member,Site Members,SP,Masculino,Graduação,Universidade Estadual Paulista
Evandro Douglas Moore de Lucena,douglas.moore@unesp.br,Pos-Graduacao;Grupo SBBE Group member,Contact Import,SP,Masculino,Pós-Graduação,Universidade Estadual Paulista
Gustavo Ballen,gustavo.a.ballen@gmail.com,Pos-Graduacao;Grupo SBBE Group member,Contact Import,SP,Masculino,Pós-doutorado,Universidade Estadual Paulista
Ivan Sergio Nunes Silva Filho,ivan.nunes@unesp.br,Profissional;Grupo SBBE Group member,Contact Import,SP,Masculino,Profissional,Universidade Estadual Paulista
Kevin Kyoshi Toldo Makiya,kevin.kyoshi@unesp.br,Graduacao;Grupo SBBE Group member,Contact Import,SP,Masculino,Graduação,Universidade Estadual Paulista
Livia Zanuzzi Barroso,lz.barroso@unesp.br,Pos-Graduacao;Grupo SBBE Group member,Site Members,SP,Feminino,Pós-Graduação,Universidade Estadual Paulista
Lucas Nathan de Souza Nunes,lucas.nathan@unesp.br,Pos-Graduacao;Grupo SBBE Group member,Site Members,SP,Masculino,Pós-Graduação,Universidade Estadual Paulista
Melissa Bars Closel,melissabars@gmail.com,Pos-Graduacao;Grupo SBBE Group member,Contact Import,SP,Feminino,Pós-Graduação,Universidade Estadual Paulista
Natalia dos Santos,n.santos97@unesp.br,Pos-Graduacao;Grupo SBBE Group member,Contact Import,SP,Feminino,Pós-Graduação,Universidade Estadual Paulista
Rodrigo Zeni,rodrigo-zeni@outlook.com.br,Pos-Graduacao;Grupo SBBE Group member,Contact Import,SP,Masculino,Pós-Graduação,Universidade Estadual Paulista
Sergio Nascimento Stampar,sergio.stampar@unesp.br,Profissional,Contact Import,SP,Masculino,Profissional,Universidade Estadual Paulista
Thais B. Guedes,thaisbguedes@gmail.com,Profissional;Grupo SBBE Group member,Contact Import,SP,Feminino,Profissional,Universidade Estadual Paulista
Thales Henrique Dias Leandro,thaleshdias@gmail.com,Pos-Graduacao;Grupo SBBE Group member,Contact Import,SP,Masculino,Profissional,Universidade Estadual Paulista
Volnys Bernal,volnys.kenzo@unesp.br,Pos-Graduacao;Grupo SBBE Group member,Site Members,SP,Masculino,Pós-Graduação,Universidade Estadual Paulista
Beatriz Brito,beatrizbiologia2017@gmail.com,Pos-Graduacao;Grupo SBBE Group member,Site Members,BA,Feminino,Pós-Graduação,Universidade Federal da Bahia
Bruno Cajado Almeida Gouveia,cajadobruno96@gmail.com,Pos-Graduacao;Grupo SBBE Group member,Contact Import,BA,Masculino,Pós-Graduação,Universidade Federal da Bahia
Bruno Vilela de Moraes e Silva,bvilela.bv@gmail.com,Profissional;Grupo SBBE Group member,Site Members,BA,Masculino,Profissional,Universidade Federal da Bahia
Carina Oliveira Santos,carinacris512@gmail.com,Graduacao;Grupo SBBE Group member,Site Members,BA,Feminino,Graduação,Universidade Federal da Bahia
Emilio de Lanna Neto,emiliolanna@gmail.com,Profissional;Grupo SBBE Group member,Contact Import,BA,Masculino,Profissional,Universidade Federal da Bahia
Fernanda Cavalcanti,fernanda.porifera@gmail.com,Profissional;Grupo SBBE Group member,Contact Import,BA,Feminino,Profissional,Universidade Federal da Bahia
Henrique Batalha-Filho,henrique.batalha@outlook.com,Profissional;Grupo SBBE Group member,Contact Import,BA,Masculino,Profissional,Universidade Federal da Bahia
Julia de Lima Carvalho,julialima.carvalho18@gmail.com,Graduacao;Grupo SBBE Group member,Contact Import,BA,Feminino,Graduação,Universidade Federal da Bahia
Fabiano Stefanello,stefanellof@gmail.com,Pos-Graduacao;Grupo SBBE Group member,Contact Import,PR,Masculino,Pós-Graduação,Universidade Federal da Integração Latino-Americana
Ana Karoline da Nobrega Nunes Alves,anakarolinealves1@hotmail.com,Graduacao;Grupo SBBE Group member,Manual Creation,PB,Feminino,Graduação,Universidade Federal da Paraíba
Breno Bezerra Just,brenojust99@gmail.com,Graduacao;Grupo SBBE Group member,Contact Import,PB,Masculino,Graduação,Universidade Federal da Paraíba
Felipe Camurugi Almeida Guimaraes,camurugif@gmail.com,Profissional;Grupo SBBE Group member,Contact Import,PB,Masculino,Profissional,Universidade Federal da Paraíba
Martin Lindsey Christoffersen,martinlc.ufpb@gmail.com,Profissional;Grupo SBBE Group member,Contact Import,PB,Masculino,Profissional,Universidade Federal da Paraíba
Savio Torres de Farias,stfarias@yahoo.com.br,TESTE;Grupo SBBE Group member;Profissional,Site Members,PB,Masculino,Profissional,Universidade Federal da Paraíba
Tami Mott,tami.mott@icbs.ufal.br,Pos-Graduacao;Grupo SBBE Group member,Contact Import,AL,Feminino,Pós-Graduação,Universidade Federal de Alagoas
Thannya Nascimento Soares,tnsoares@ufg.br,Profissional;Grupo SBBE Group member,Contact Import,GO,Feminino,Profissional,Universidade Federal de Goiás
Iderval da Silva Junior Sobrinho,iderval_jr@yahoo.com,Profissional;Grupo SBBE Group member,Contact Import,GO,Masculino,Profissional,Universidade Federal de Jataí
Henrique Caldeira Costa,ccostah@gmail.com,Profissional;Grupo SBBE Group member,Contact Import,MG,Masculino,Profissional,Universidade Federal de Juiz de Fora
Henrique José de Oliveira,henrique.bio22@gmail.com,Pos-Graduacao;Grupo SBBE Group member,Site Members,MG,Masculino,Pós-Graduação,Universidade Federal de Juiz de Fora
Igor Carreiro Ramalho,igorcarreiro.ramalho@estudante.ufjf.br,Pos-Graduacao;Grupo SBBE Group member,Site Members,MG,Masculino,Pós-Graduação,Universidade Federal de Juiz de Fora
Mariana Fonseca Rossi,mfonsecarossi@gmail.com,Profissional;Grupo SBBE Group member,Contact Import,MG,Feminino,Profissional,Universidade Federal de Juiz de Fora
Akyel Kiffiner de Franca Mendonca,a.kiffiner@gmail.com,Graduacao;Grupo SBBE Group member,Contact Import,MS,Masculino,Graduação,Universidade Federal de Mato Grosso do Sul
Aline Pedroso Lorenz,aline.lorenz@ufms.br,Profissional;Grupo SBBE Group member,Contact Import,MS,Feminino,Profissional,Universidade Federal de Mato Grosso do Sul
Bruna Da Rocha Maia,brunadarochamaia@gmail.com,Graduacao;Grupo SBBE Group member,Contact Import,MS,Feminino,Graduação,Universidade Federal de Mato Grosso do Sul
Diego Jose Santana Silva,jose.santana@ufms.br,Profissional;Grupo SBBE Group member,Contact Import,MS,Masculino,Profissional,Universidade Federal de Mato Grosso do Sul
Diogo Provete Borges Provete,dbprovete@gmail.com,Profissional;Grupo SBBE Group member,Contact Import,MS,Masculino,Profissional,Universidade Federal de Mato Grosso do Sul
Esthefany Ovando De Mello,esthefany0ovando@gmail.com,Graduacao;Grupo SBBE Group member,Contact Import,MS,Feminino,Graduação,Universidade Federal de Mato Grosso do Sul
Fernando Munir Lima Calarge,fernando.calarge@gmail.com,Graduacao;Grupo SBBE Group member,Contact Import,MS,Masculino,Graduação,Universidade Federal de Mato Grosso do Sul
Gecele Matos Paggi,gecele.paggi@ufms.br,Profissional;Grupo SBBE Group member,Contact Import,MS,Feminino,Profissional,Universidade Federal de Mato Grosso do Sul
Larissa Bortoli de Souza,bortoli.larissa16@gmail.com,Graduacao;Grupo SBBE Group member,Contact Import,MS,Feminino,Graduação,Universidade Federal de Mato Grosso do Sul
Marcela Cantarin Roncada,marcela.roncada@gmail.com,Graduacao;Grupo SBBE Group member,Site Members,MS,Feminino,Graduação,Universidade Federal de Mato Grosso do Sul
Matheus Sthanley Ferreira Firme,fmatheuspba@gmail.com,Graduacao;Grupo SBBE Group member,Contact Import,MS,Masculino,Graduação,Universidade Federal de Mato Grosso do Sul
Vitoria Infran De Morais,vitoria.infran@ufms.br,Graduacao;Grupo SBBE Group member,Contact Import,MS,Feminino,Graduação,Universidade Federal de Mato Grosso do Sul
Ana Cecilia Holler del Prette,anacecilia.holler@gmail.com,Pos-Graduacao;Grupo SBBE Group member,Contact Import,MG,Feminino,Pós-Graduação,Universidade Federal de Minas Gerais
Caio Ambrosio Leal Dutra,caioboss@gmail.com,Profissional;Grupo SBBE Group member,Site Members,MG,Masculino,Profissional,Universidade Federal de Minas Gerais
Fabricio Rodrigues dos Santos,fsantos.ufmg@gmail.com,Profissional;Grupo SBBE Group member,Contact Import,MG,Masculino,Profissional,Universidade Federal de Minas Gerais
Gabriel Nakamura de Souza,gabriel.nakamura.souza@gmail.com,Profissional;Grupo SBBE Group member,Site Members,MG,Masculino,Profissional,Universidade Federal de Minas Gerais
Henry Paul Granger Neto,hp.granger98@gmail.com,Pos-Graduacao;Grupo SBBE Group member,Contact Import,MG,Masculino,Pós-Graduação,Universidade Federal de Minas Gerais
Isaac Rafael Freitas Borges,isaacborges966@gmail.com,Graduacao;Grupo SBBE Group member,Contact Import,MG,Masculino,Graduação,Universidade Federal de Minas Gerais
Lucas Bleicher,lbleicher@gmail.com,Profissional;Grupo SBBE Group member,Contact Import,MG,Masculino,Profissional,Universidade Federal de Minas Gerais
Luciana Resende,luresende@gmail.com,Profissional;Grupo SBBE Group member,Contact Import,MG,Feminino,Profissional,Universidade Federal de Minas Gerais
Patricia Sanae Sujii,sujiips@gmail.com,Pos-Graduacao;Grupo SBBE Group member,Contact Import,MG,Feminino,Pós-Graduação,Universidade Federal de Minas Gerais
Thieres Tayroni Martins da Silva,thierestayroni@gmail.com,Pos-Graduacao;Grupo SBBE Group member,Contact Import,MG,Masculino,Pós-Graduação,Universidade Federal de Minas Gerais
Juliana Cordeiro,jlncdr@gmail.com,Profissional;Grupo SBBE Group member,Contact Import,RS,Feminino,Profissional,Universidade Federal de Pelotas
Marco Silva Gottschalk,marco.gottschalk@yahoo.com,Profissional;Grupo SBBE Group member,Contact Import,RS,Masculino,Profissional,Universidade Federal de Pelotas
Ana Maria Benko Iseppon,ana.iseppon@gmail.com,Profissional;Grupo SBBE Group member,Site Members,PE,Feminino,Profissional,Universidade Federal de Pernambuco
Júlia Sofia Neves de Sousa,julia.nsousa@ufpe.br,Pos-Graduacao;Grupo SBBE Group member,Site Members,PE,Feminino,Pós-Graduação,Universidade Federal de Pernambuco
Thaís Elias Almeida,thais.elias@ufpe.br,Profissional;Grupo SBBE Group member,Site Members,PE,Feminino,Profissional,Universidade Federal de Pernambuco
Mateus Ferreira,mateus.ferreira@ufrr.br,Profissional;Grupo SBBE Group member,Site Members,RR,Masculino,Profissional,Universidade Federal de Roraima
Ana Luísa Endler de Oliveira,oliveira.ana245@gmail.com,Pos-Graduacao;Grupo SBBE Group member,Site Members,SC,Feminino,Pós-Graduação,Universidade Federal de Santa Catarina
Andrea Rita Marrero,andrea.marrero@ufsc.br,Profissional;Grupo SBBE Group member,Contact Import,SC,Feminino,Profissional,Universidade Federal de Santa Catarina
Gabrieli Luiza Steffens Knapp,gabrieli_steffens-pzo@hotmail.com,Graduacao;Grupo SBBE Group member,Contact Import,SC,Feminino,Graduação,Universidade Federal de Santa Catarina
Luiza Kittel-Chiká,luizakittel@gmail.com,Graduacao;Grupo SBBE Group member,Site Members,SC,Feminino,Graduação,Universidade Federal de Santa Catarina
Luna Devos,lunavdevos@gmail.com,Graduacao;Grupo SBBE Group member,Site Members,SC,Feminino,Graduação,Universidade Federal de Santa Catarina
Manuella Cardoso Teixeira,manuella.mhc2@gmail.com,Graduacao;Grupo SBBE Group member,Site Members,SC,Feminino,Graduação,Universidade Federal de Santa Catarina
Suzana Alcantara,suzana.alcantara@ufsc.br,Profissional;Grupo SBBE Group member,Contact Import,SC,Feminino,Profissional,Universidade Federal de Santa Catarina
Ana Claudia Lessinger,lessinger@ufscar.br,Profissional;Grupo SBBE Group member,Contact Import,SP,Feminino,Profissional,Universidade Federal de São Carlos
Fernando de Faria Franco,franco@ufscar.br,Profissional;Grupo SBBE Group member,Site Members,SP,Masculino,Profissional,Universidade Federal de São Carlos
Joao Pedro Fujita,joaopedrofujita@estudante.ufscar.br,Graduacao;Grupo SBBE Group member,Contact Import,SP,Masculino,Graduação,Universidade Federal de São Carlos
Katia Milagros,kmahernandez@estudante.ufscar.br,Pos-Graduacao;Grupo SBBE Group member,Contact Import,SP,Feminino,Pós-Graduação,Universidade Federal de São Carlos
Leonardo Maurici Borges,aquitemcaqui@gmail.com,Profissional;Grupo SBBE Group member,Contact Import,SP,Masculino,Profissional,Universidade Federal de São Carlos
Gabriel Amaral Bonani Rocha,rochagabriel21@gmail.com,Graduacao;Grupo SBBE Group member,Contact Import,MG,Masculino,Graduação,Universidade Federal de São João Del-Rei
Gabriel Costa Santos,gabrielscosta90@gmail.com,Graduacao;Grupo SBBE Group member,Site Members,MG,Masculino,Graduação,Universidade Federal de São João Del-Rei
Rafael Felix de Magalhaes,rafaelmagalhaes@ufsj.edu.br,Profissional;Grupo SBBE Group member,Contact Import,MG,Masculino,Profissional,Universidade Federal de São João Del-Rei
Ramon Moreira Fernandes,ramonmf360@gmail.com,Graduacao;Grupo SBBE Group member,Contact Import,MG,Masculino,Graduação,Universidade Federal de São João Del-Rei
Joao Roberto Fentanes Machado,joao.fentanes@unifesp.br,Pos-Graduacao;Grupo SBBE Group member,Contact Import,SP,Masculino,Pós-Graduação,Universidade Federal de São Paulo
Katia Cristina Machado Pellegrino,katia.pellegrino@unifesp.br,Profissional;Grupo SBBE Group member,Contact Import,SP,Feminino,Profissional,Universidade Federal de São Paulo
Leonardo Augusto Luvison Araujo,luvison.bio@gmail.com,Profissional;Grupo SBBE Group member,Contact Import,SP,Masculino,Profissional,Universidade Federal de São Paulo
Lucas dos Santos Fazzio Rachid,lucas.rachid@unifesp.br,Graduacao;Grupo SBBE Group member,Contact Import,SP,Masculino,Graduação,Universidade Federal de São Paulo
Edilson Divino de Araujo,edaraujoufs@gmail.com,Custom Signup Form;Profissional,Site Members,SE,Masculino,Profissional,Universidade Federal de Sergipe
Junior Chuctaya,junior.chuctaya@gmail.com,Pos-Graduacao;Grupo SBBE Group member,Contact Import,MG,Masculino,Pós-Graduação,Universidade Federal de Uberlândia
Victor Alberto Tagliacollo,vatagliacollo@gmail.com,Profissional;Grupo SBBE Group member,Site Members,MG,Masculino,Profissional,Universidade Federal de Uberlândia
Karla Suemy Clemente Yotoko,karla@ufv.br,Profissional;Grupo SBBE Group member,Site Members,MG,Feminino,Profissional,Universidade Federal de Viçosa
Mileny Otani de Souza,milenyotani1@gmail.com,Pos-Graduacao;Grupo SBBE Group member,Site Members,MG,Feminino,Pós-Graduação,Universidade Federal de Viçosa
Wellignton Clarindo,well.clarindo@ufv.br,Profissional;Grupo SBBE Group member,Contact Import,MG,Feminino,Profissional,Universidade Federal de Viçosa
Tiago Silva da Costa,tiago_sc@hotmail.com,Pos-Graduacao;Grupo SBBE Group member,Site Members,AP,Masculino,Pós-Graduação,Universidade Federal do Amapá
Tomas Hrbek,tomas@evoamazon.net,Profissional;Grupo SBBE Group member,Site Members,AM,Masculino,Profissional,Universidade Federal do Amazonas
Jônatas Gomes Santos,gomesjonatas21@gmail.com,Pos-Graduacao;Grupo SBBE Group member,Contact Import,ES,Masculino,Pós-Graduação,Universidade Federal do Espírito Santo
Renato Bernils,renatobernils@gmail.com,Profissional;Grupo SBBE Group member,Contact Import,ES,Masculino,Profissional,Universidade Federal do Espírito Santo
Victor Emmanuel Cantanheide Barbosa dos Santos,victor15cant@gmail.com,Graduacao;Grupo SBBE Group member,Site Members,MA,Masculino,Graduação,Universidade Federal do Maranhão
Josival Francisco Araújo,araujojosi.f@gmail.com,Pos-Graduacao;Grupo SBBE Group member,Site Members,PA,Masculino,Pós-Graduação,Universidade Federal do Pará
Marcelo Vallinoto,mvallino@ufpa.br,Profissional;Grupo SBBE Group member,Contact Import,PA,Masculino,Profissional,Universidade Federal do Pará
Maria Paula Cruz Schneider,mariapaulacruzschneider@gmail.com,Profissional;Grupo SBBE Group member,Contact Import,PA,Feminino,Profissional,Universidade Federal do Pará
Alexandre Palaoro,alexandre.palaoro@gmail.com,Profissional;Grupo SBBE Group member,Contact Import,PR,Masculino,Profissional,Universidade Federal do Paraná
Amanda Varago,amandavarago021@gmail.com,Pos-Graduacao;Grupo SBBE Group member,Site Members,PR,Feminino,Pós-Graduação,Universidade Federal do Paraná
Andre Yves,andreyves7@gmail.com,Pos-Graduacao;Grupo SBBE Group member,Contact Import,MG,Masculino,Pós-Graduação,Universidade Federal do Paraná
Arquimedes Paixao de Santana Filho,santana@ufpr.br,Profissional;Grupo SBBE Group member,Contact Import,PR,Masculino,Profissional,Universidade Federal do Paraná
Carlos Daniel Rivadeneira,rivadeneiracd@gmail.com,Pos-Graduacao;Grupo SBBE Group member,Contact Import,PR,Masculino,Pós-Graduação,Universidade Federal do Paraná
Carolina Martins da Silva,carolina.mrtinssilva@gmail.com,Graduacao;Grupo SBBE Group member,Contact Import,PR,Feminino,Pós-Graduação,Universidade Federal do Paraná
Claudio Jose Barros De Carvalho,cjbcarva@ufpr.br,Profissional;Grupo SBBE Group member,Contact Import,PR,Masculino,Profissional,Universidade Federal do Paraná
Daniel Pacheco,danielpachecobruschi@gmail.com,Profissional;Grupo SBBE Group member,Contact Import,PR,Masculino,Profissional,Universidade Federal do Paraná
Danielle Malheiros Ferreira,dani_malheiros@ufpr.br,Profissional;Grupo SBBE Group member,Contact Import,PR,Feminino,Profissional,Universidade Federal do Paraná
Desirre Alexia Lourenco Petters Vandresen,desirre.petters@gmail.com,Profissional;Grupo SBBE Group member,Contact Import,PR,Feminino,Profissional,Universidade Federal do Paraná
erica Ribeiro,ericaribeiro@ufpr.br,Graduacao;Grupo SBBE Group member,Contact Import,PR,Feminino,Graduação,Universidade Federal do Paraná
Erika Cristina Cordeiro Dos Santos,cristinaerikacs69@gmail.com,Pos-Graduacao;Grupo SBBE Group member,Contact Import,PR,Feminino,Pós-Graduação,Universidade Federal do Paraná
Fabricius Domingos,fabriciusmaia@gmail.com,Profissional;Grupo SBBE Group member,Contact Import,PR,Masculino,Profissional,Universidade Federal do Paraná
Fernanda Freitas de Oliveira,fernandaoliveira@ufpr.br,Profissional;Grupo SBBE Group member,Contact Import,PR,Feminino,Profissional,Universidade Federal do Paraná
Fernanda S. Caron,fernandadesouzacaron@gmail.com,Pos-Graduacao;Grupo SBBE Group member,Site Members,PR,Feminino,Pós-Graduação,Universidade Federal do Paraná
Iago Lucas Viana da Silva,iago.lucas@ufpr.br,Pos-Graduacao;Grupo SBBE Group member,Contact Import,PR,Masculino,Pós-Graduação,Universidade Federal do Paraná
Iris Hass,irish@ufpr.br,Profissional;Grupo SBBE Group member,Contact Import,PR,Feminino,Profissional,Universidade Federal do Paraná
Jennyfer Pontes Carvalho Pietsch,jennycarvalho131@gmail.com,Pos-Graduacao;Grupo SBBE Group member,Contact Import,PR,Outro,Pós-Graduação,Universidade Federal do Paraná
Juliana Rosa Matias Ciccheto,cicchetoju@gmail.com,Pos-Graduacao;Grupo SBBE Group member,Contact Import,PR,Feminino,Pós-Graduação,Universidade Federal do Paraná
Laura Laino,laura.costa231@gmail.com,Pos-Graduacao;Grupo SBBE Group member,Site Members,PR,Feminino,Pós-Graduação,Universidade Federal do Paraná
Letícia Chaves,leticia.leticiacchaves@gmail.com,Graduacao;Grupo SBBE Group member,Site Members,PR,Feminino,Graduação,Universidade Federal do Paraná
Lucas Concolato,lucas.concolato@ufpr.br,Graduacao;Grupo SBBE Group member,Contact Import,PR,Masculino,Graduação,Universidade Federal do Paraná
Luddy Searom,luddysearom@gmail.com,Pos-Graduacao;Grupo SBBE Group member,Site Members,PR,Masculino,Pós-Graduação,Universidade Federal do Paraná
Lupe Alle,lupealle@gmail.com,Profissional;Grupo SBBE Group member,Contact Import,PR,Feminino,Profissional,Universidade Federal do Paraná
Marcos Barbeitos,msbarbeitos@gmail.com,Profissional;Grupo SBBE Group member,Contact Import,PR,Masculino,Profissional,Universidade Federal do Paraná
Maria Luiza Petzl-Erler,mlperler@gmail.com,Profissional;Grupo SBBE Group member,Contact Import,PR,Feminino,Profissional,Universidade Federal do Paraná
Mariana Polli,marianapolli12@gmail.com,Graduacao;Grupo SBBE Group member,Site Members,PR,Feminino,Graduação,Universidade Federal do Paraná
Matheus M. A. Salles,matheusm.salles@hotmail.com,Pos-Graduacao;Grupo SBBE Group member,Contact Import,PR,Masculino,Pós-Graduação,Universidade Federal do Paraná
Natalie Motelewski,nataliemotelewski@gmail.com,Graduacao;Grupo SBBE Group member,Site Members,PR,Feminino,Graduação,Universidade Federal do Paraná
Nathan Herberto Ribas Vellasques,nathan.vellasques.ifc@gmail.com,Graduacao;Grupo SBBE Group member,Site Members,PR,Outro,Graduação,Universidade Federal do Paraná
Raiana Santiago da Costa,val_raiana@hotmail.com,Pos-Graduacao;Grupo SBBE Group member,Site Members,PR,Feminino,Pós-Graduação,Universidade Federal do Paraná
Ricardo Lehtonen Rodrigues Souza,lehtonen@ufpr.br,Profissional;Grupo SBBE Group member,Contact Import,PR,Masculino,Profissional,Universidade Federal do Paraná
Rodrigo Barbosa Goncalves,goncalvesrb@gmail.com,Profissional;Grupo SBBE Group member,Contact Import,PR,Masculino,Profissional,Universidade Federal do Paraná
Talita Helen Bombardelli Gomig,talitahbg@ufpr.br,Grupo SBBE Group member;Profissional,Contact Import,PR,Feminino,Profissional,Universidade Federal do Paraná
Viviane da Silva Pereira,visilvapereira@gmail.com,Profissional;Grupo SBBE Group member,Site Members,PR,Feminino,Profissional,Universidade Federal do Paraná
Ana Carolina Martins Junqueira,anacmj@gmail.com,Profissional;Grupo SBBE Group member,Contact Import,RJ,Feminino,Profissional,Universidade Federal do Rio de Janeiro
Ananda D'Elia,anandadelia@gmail.com,Pos-Graduacao;Grupo SBBE Group member,Contact Import,RJ,Feminino,Pós-Graduação,Universidade Federal do Rio de Janeiro
Angela Ferreira Portella,angela_portella@hotmail.com,Pos-Graduacao;Grupo SBBE Group member,Contact Import,RJ,Feminino,Pós-Graduação,Universidade Federal do Rio de Janeiro
Beatriz Mello Carvalho,biaumello@gmail.com,Profissional;Grupo SBBE Group member,Contact Import,RJ,Feminino,Profissional,Universidade Federal do Rio de Janeiro
Bruno Loreto de Aragao Pedroso,bruno.loreto.aragao@hotmail.com,Graduacao;Grupo SBBE Group member,Contact Import,RJ,Masculino,Graduação,Universidade Federal do Rio de Janeiro
Carlos Eduardo Guerra Schrago,guerra@biologia.ufrj.br,Profissional;Grupo SBBE Group member,Contact Import,RJ,Masculino,Profissional,Universidade Federal do Rio de Janeiro
Carlos Frederico Deluqui Gurgel,f_gurgel@yahoo.com,Profissional;Grupo SBBE Group member,Contact Import,RJ,Masculino,Profissional,Universidade Federal do Rio de Janeiro
Claudia Augusta de Moraes Russo,claurusso@hotmail.com,Profissional;Grupo SBBE Group member,Contact Import,RJ,Feminino,Profissional,Universidade Federal do Rio de Janeiro
Davi Marques,ivadmarques48@gmail.com,Pos-Graduacao;Grupo SBBE Group member,Site Members,RJ,Masculino,Pós-Graduação,Universidade Federal do Rio de Janeiro
Deivid Almeida,dajesus.deivid.09@gmail.com,Pos-Graduacao;Grupo SBBE Group member,Site Members,RJ,Masculino,Pós-Graduação,Universidade Federal do Rio de Janeiro
Dener Soares Da Costa Junior,denerdacosta12@gmail.com,Pos-Graduacao;Grupo SBBE Group member,Site Members,RJ,Outro,Pós-Graduação,Universidade Federal do Rio de Janeiro
Frederico Henning,fhenning@acd.ufrj.br,Profissional;Grupo SBBE Group member,Contact Import,RJ,Masculino,Profissional,Universidade Federal do Rio de Janeiro
Gabriela Ferreira Mota,motafgabriela@gmail.com,Graduacao;Grupo SBBE Group member,Contact Import,RJ,Feminino,Graduação,Universidade Federal do Rio de Janeiro
Gabriela Haddad,gabimh3181@gmail.com,Pos-Graduacao;Grupo SBBE Group member,Site Members,RJ,Feminino,Pós-Graduação,Universidade Federal do Rio de Janeiro
Gabriela Procopio Leite,gabrielaprocopio3@gmail.com,Pos-Graduacao;Grupo SBBE Group member,Contact Import,RJ,Feminino,Pós-Graduação,Universidade Federal do Rio de Janeiro
José Mateus dos Santos,mateussantosprof14@gmail.com,Graduacao;Grupo SBBE Group member,Site Members,RJ,Masculino,Graduação,Universidade Federal do Rio de Janeiro
Jose Ricardo Miras Mermudes,jrmermudes@gmail.com,Profissional;Grupo SBBE Group member,Contact Import,RJ,Masculino,Profissional,Universidade Federal do Rio de Janeiro
Karina de Menezes Leitão,karinademenezes159@gmail.com,Pos-Graduacao;Grupo SBBE Group member,Site Members,RJ,Feminino,Pós-Graduação,Universidade Federal do Rio de Janeiro
Luara Guimarães,luara.guimaraes02@gmail.com,Pos-Graduacao;Grupo SBBE Group member,Site Members,RJ,Feminino,Pós-Graduação,Universidade Federal do Rio de Janeiro
Lucas Rocha,lucasrocha700@gmail.com,Graduacao;Grupo SBBE Group member,Contact Import,RJ,Masculino,Graduação,Universidade Federal do Rio de Janeiro
Luiza Silva Anselmini,miniansel.lu@gmail.com,Pos-Graduacao;Grupo SBBE Group member,Contact Import,RJ,Feminino,Pós-Graduação,Universidade Federal do Rio de Janeiro
Maria Alves Napolitani,napolitanima@gmail.com,Profissional;Grupo SBBE Group member,Contact Import,RJ,Feminino,Profissional,Universidade Federal do Rio de Janeiro
Mariana Teixeira de Freitas,mariana.mbtf@gmail.com,Pos-Graduacao;Grupo SBBE Group member,Site Members,RJ,Feminino,Pós-Graduação,Universidade Federal do Rio de Janeiro
Miguel Godinho Alvares,miguelgodinhoalvares@gmail.com,Graduacao;Grupo SBBE Group member,Contact Import,RJ,Masculino,Graduação,Universidade Federal do Rio de Janeiro
Rafael Filgueura Jorge,rafajorgebio@gmail.com,Pos-Graduacao;Grupo SBBE Group member,Contact Import,RJ,Masculino,Pós-Graduação,Universidade Federal do Rio de Janeiro
Rodrigo Nunes da Fonseca,rodrigo.nunes.da.fonseca@gmail.com,Profissional;Grupo SBBE Group member,Contact Import,RJ,Masculino,Profissional,Universidade Federal do Rio de Janeiro
Danilo Vicensotto Bernardo,danilovber@gmail.com,Profissional;Grupo SBBE Group member,Site Members,RS,Masculino,Profissional,Universidade Federal do Rio Grande
Adrian Antonio Garda,pseudis@gmail.com,Profissional;Grupo SBBE Group member,Contact Import,RN,Masculino,Profissional,Universidade Federal do Rio Grande do Norte
Felipe Torquato,felipe_o_torquato@hotmail.com,Profissional;Grupo SBBE Group member,Contact Import,RN,Masculino,Profissional,Universidade Federal do Rio Grande do Norte
José Eduardo Gomes de Oliveira,zezinho20052005@gmail.com,Graduacao;Grupo SBBE Group member,Site Members,RN,Masculino,Graduação,Universidade Federal do Rio Grande do Norte
Salu Coelho da Silva,salu.coelho@gmail.com,Pos-Graduacao;Grupo SBBE Group member,Site Members,RN,Masculino,Pós-Graduação,Universidade Federal do Rio Grande do Norte
Andre Luis da Silva Zani,zani.andre@yahoo.com.br,Pos-Graduacao;Grupo SBBE Group member,Contact Import,RS,Masculino,Pós-Graduação,Universidade Federal do Rio Grande do Sul
Andreia Carina Turchetto Zolet,aturchetto@gmail.com,Profissional;Grupo SBBE Group member,Contact Import,RS,Feminino,Profissional,Universidade Federal do Rio Grande do Sul
Camilla Brückmann de Mattos,camilla.bruckmann@ufrgs.br,Graduacao;Grupo SBBE Group member,Site Members,RS,Feminino,Graduação,Universidade Federal do Rio Grande do Sul
Caroline Turchetto,carolineturchetto@gmail.com,Profissional;Grupo SBBE Group member,Site Members,RS,Feminino,Profissional,Universidade Federal do Rio Grande do Sul
Felipe Medeiros Ceccagno,felipe.ceccagno@hotmail.com,Pos-Graduacao;Grupo SBBE Group member,Contact Import,RS,Masculino,Pós-Graduação,Universidade Federal do Rio Grande do Sul
Fernanda Bered,fernanda.bered@ufrgs.br,Profissional;Grupo SBBE Group member,Site Members,RS,Feminino,Profissional,Universidade Federal do Rio Grande do Sul
Isabelli Seiler de Medeiros Mendes,isabellidog8@gmail.com,Graduacao;Grupo SBBE Group member,Site Members,RS,Feminino,Graduação,Universidade Federal do Rio Grande do Sul
Joao Pedro Carmo Filgueiras,jcarmofilgueiras@gmail.com,Pos-Graduacao;Grupo SBBE Group member,Contact Import,RS,Masculino,Pós-Graduação,Universidade Federal do Rio Grande do Sul
Lorenzo Chaves Costa Novo,lorenzoccn@gmail.com,Graduacao;Grupo SBBE Group member,Site Members,RS,Masculino,Graduação,Universidade Federal do Rio Grande do Sul
Loreta brandao de freitas,lbfreitas1@gmail.com,Profissional;Grupo SBBE Group member,Site Members,RS,Feminino,Profissional,Universidade Federal do Rio Grande do Sul
Lucca Azevedo Fanti,luccafanti2002@outlook.com,Graduacao;Grupo SBBE Group member,Contact Import,RS,Masculino,Graduação,Universidade Federal do Rio Grande do Sul
Luiza Flores Gasparetto,luiza.gasparetto@gmail.com,Pos-Graduacao;Grupo SBBE Group member,Contact Import,RS,Feminino,Pós-Graduação,Universidade Federal do Rio Grande do Sul
Marcelo Henrique Schwade,marceloh.schwade@gmail.com,Pos-Graduacao;Grupo SBBE Group member,Contact Import,RS,Masculino,Pós-Graduação,Universidade Federal do Rio Grande do Sul
Marcia Holsbach Beltrame,marcia.beltrame@ufrgs.br,Profissional;Grupo SBBE Group member,Contact Import,RS,Feminino,Profissional,Universidade Federal do Rio Grande do Sul
Maria Thereza Schmitt Mesquita,tecaschmittmesquita@gmail.com,Pos-Graduacao;Grupo SBBE Group member,Contact Import,RS,Feminino,Pós-Graduação,Universidade Federal do Rio Grande do Sul
Natalia Skueresky,natiisoares@hotmail.com,Pos-Graduacao;Grupo SBBE Group member,Contact Import,RS,Feminino,Pós-Graduação,Universidade Federal do Rio Grande do Sul
Nelson J.R. Fagundes,nelson.fagundes@ufrgs.br,Profissional;Grupo SBBE Group member,Contact Import,RS,Masculino,Profissional,Universidade Federal do Rio Grande do Sul
Paulo Henrique Rangel Schreiner,paulorangelschreiner@gmail.com,Graduacao;Grupo SBBE Group member,Site Members,RS,Masculino,Graduação,Universidade Federal do Rio Grande do Sul
Renan Maestri,renanmaestri@gmail.com,Profissional;Grupo SBBE Group member,Contact Import,RS,Masculino,Profissional,Universidade Federal do Rio Grande do Sul
Vera Lucia da Silva Valente Gaiesky,vera.gaiesky@ufrgs.br,Profissional;Grupo SBBE Group member,Contact Import,RS,Feminino,Profissional,Universidade Federal do Rio Grande do Sul
Vera Valente,vvlecat@gmail.com,Profissional;Grupo SBBE Group member,Site Members,RS,Feminino,Profissional,Universidade Federal do Rio Grande do Sul
Luís Gustavo da Conceição Galego,luis.galego@uftm.edu.br,Profissional;Grupo SBBE Group member,Site Members,MG,Masculino,Profissional,Universidade Federal do Triângulo Mineiro
Liliane Gallindo Dantas,dantas.lg@gmail.com,Profissional;Grupo SBBE Group member,Contact Import,PE,Feminino,Profissional,Universidade Federal do Vale do São Francisco
James Lucas da Costa Lima,james.lima@ufersa.edu.br,Profissional;Grupo SBBE Group member,Site Members,RN,Masculino,Profissional,Universidade Federal Rural do Semi-Árido
Vinicius Jose Carvalho Reis,carvalhvinicius@gmail.com,Profissional;Grupo SBBE Group member,Contact Import,SP,Masculino,Profissional,Universidade Santo Amaro
Rodrigo Augusto Torres,rodrigotorres@utfpr.edu.br,Profissional;Grupo SBBE Group member,Contact Import,PR,Masculino,Profissional,Universidade Tecnológica Federal do Paraná
Juliano Morimoto,juliano.morimoto@abdn.ac.uk,Profissional;Grupo SBBE Group member,Contact Import,Exterior,Masculino,Profissional,University of Aberdeen
Renata Pirani,renatampirani@gmail.com,Graduacao;Grupo SBBE Group member,Contact Import,Exterior,Feminino,Graduação,University of California — Los Angeles
Gustavo Burin Ferreira,arietebio@gmail.com,Profissional;Grupo SBBE Group member,Site Members,SP,Masculino,Profissional,University of Gothenburg
George Pacheco,george.pacheco@ibv.uio.no,Pos-Graduacao;Grupo SBBE Group member,Contact Import,Exterior,Masculino,Pós-Graduação,University of Oslo
Jordana Oliveira,jordanainoliveira@gmail.com,Pos-Graduacao;Grupo SBBE Group member,Contact Import,Exterior,Feminino,Pós-doutorado,University of Ottawa
Waldir Miron,waldirmbf@gmail.com,Profissional;Grupo SBBE Group member,Contact Import,Exterior,Masculino,Profissional,University of West Florida